,0
20150203,https://web.archive.org/web/20150203/nomadlist.com
20150216,https://web.archive.org/web/20150216/nomadlist.com
20150228,https://web.archive.org/web/20150228/nomadlist.com
20150304,https://web.archive.org/web/20150304/nomadlist.com
20150312,https://web.archive.org/web/20150312/nomadlist.com
20150313,https://web.archive.org/web/20150313/nomadlist.com
20150314,https://web.archive.org/web/20150314/nomadlist.com
20150316,https://web.archive.org/web/20150316/nomadlist.com
20150402,https://web.archive.org/web/20150402/nomadlist.com
20150403,https://web.archive.org/web/20150403/nomadlist.com
20150425,https://web.archive.org/web/20150425/nomadlist.com
20150430,https://web.archive.org/web/20150430/nomadlist.com
20150528,https://web.archive.org/web/20150528/nomadlist.com
20150529,https://web.archive.org/web/20150529/nomadlist.com
20150615,https://web.archive.org/web/20150615/nomadlist.com
20150616,https://web.archive.org/web/20150616/nomadlist.com
20150617,https://web.archive.org/web/20150617/nomadlist.com
20150618,https://web.archive.org/web/20150618/nomadlist.com
20150623,https://web.archive.org/web/20150623/nomadlist.com
20150624,https://web.archive.org/web/20150624/nomadlist.com
20150629,https://web.archive.org/web/20150629/nomadlist.com
20150630,https://web.archive.org/web/20150630/nomadlist.com
20150706,https://web.archive.org/web/20150706/nomadlist.com
20150714,https://web.archive.org/web/20150714/nomadlist.com
20150718,https://web.archive.org/web/20150718/nomadlist.com
20150726,https://web.archive.org/web/20150726/nomadlist.com
20150801,https://web.archive.org/web/20150801/nomadlist.com
20150803,https://web.archive.org/web/20150803/nomadlist.com
20150810,https://web.archive.org/web/20150810/nomadlist.com
20150811,https://web.archive.org/web/20150811/nomadlist.com
20150904,https://web.archive.org/web/20150904/nomadlist.com
20150909,https://web.archive.org/web/20150909/nomadlist.com
20150911,https://web.archive.org/web/20150911/nomadlist.com
20150913,https://web.archive.org/web/20150913/nomadlist.com
20150914,https://web.archive.org/web/20150914/nomadlist.com
20150924,https://web.archive.org/web/20150924/nomadlist.com
20150927,https://web.archive.org/web/20150927/nomadlist.com
20151002,https://web.archive.org/web/20151002/nomadlist.com
20151003,https://web.archive.org/web/20151003/nomadlist.com
20151017,https://web.archive.org/web/20151017/nomadlist.com
20151114,https://web.archive.org/web/20151114/nomadlist.com
20151128,https://web.archive.org/web/20151128/nomadlist.com
20151230,https://web.archive.org/web/20151230/nomadlist.com
20151231,https://web.archive.org/web/20151231/nomadlist.com
20160101,https://web.archive.org/web/20160101/nomadlist.com
20160102,https://web.archive.org/web/20160102/nomadlist.com
20160103,https://web.archive.org/web/20160103/nomadlist.com
20160104,https://web.archive.org/web/20160104/nomadlist.com
20160109,https://web.archive.org/web/20160109/nomadlist.com
20160110,https://web.archive.org/web/20160110/nomadlist.com
20160111,https://web.archive.org/web/20160111/nomadlist.com
20160112,https://web.archive.org/web/20160112/nomadlist.com
20160113,https://web.archive.org/web/20160113/nomadlist.com
20160114,https://web.archive.org/web/20160114/nomadlist.com
20160121,https://web.archive.org/web/20160121/nomadlist.com
20160126,https://web.archive.org/web/20160126/nomadlist.com
20160128,https://web.archive.org/web/20160128/nomadlist.com
20160207,https://web.archive.org/web/20160207/nomadlist.com
20160214,https://web.archive.org/web/20160214/nomadlist.com
20160218,https://web.archive.org/web/20160218/nomadlist.com
20160222,https://web.archive.org/web/20160222/nomadlist.com
20160228,https://web.archive.org/web/20160228/nomadlist.com
20160229,https://web.archive.org/web/20160229/nomadlist.com
20160303,https://web.archive.org/web/20160303/nomadlist.com
20160304,https://web.archive.org/web/20160304/nomadlist.com
20160306,https://web.archive.org/web/20160306/nomadlist.com
20160309,https://web.archive.org/web/20160309/nomadlist.com
20160314,https://web.archive.org/web/20160314/nomadlist.com
20160318,https://web.archive.org/web/20160318/nomadlist.com
20160319,https://web.archive.org/web/20160319/nomadlist.com
20160322,https://web.archive.org/web/20160322/nomadlist.com
20160401,https://web.archive.org/web/20160401/nomadlist.com
20160402,https://web.archive.org/web/20160402/nomadlist.com
20160403,https://web.archive.org/web/20160403/nomadlist.com
20160404,https://web.archive.org/web/20160404/nomadlist.com
20160408,https://web.archive.org/web/20160408/nomadlist.com
20160409,https://web.archive.org/web/20160409/nomadlist.com
20160410,https://web.archive.org/web/20160410/nomadlist.com
20160411,https://web.archive.org/web/20160411/nomadlist.com
20160413,https://web.archive.org/web/20160413/nomadlist.com
20160414,https://web.archive.org/web/20160414/nomadlist.com
20160416,https://web.archive.org/web/20160416/nomadlist.com
20160417,https://web.archive.org/web/20160417/nomadlist.com
20160418,https://web.archive.org/web/20160418/nomadlist.com
20160608,https://web.archive.org/web/20160608/nomadlist.com
20160812,https://web.archive.org/web/20160812/nomadlist.com
20160813,https://web.archive.org/web/20160813/nomadlist.com
20160829,https://web.archive.org/web/20160829/nomadlist.com
20160830,https://web.archive.org/web/20160830/nomadlist.com
20160901,https://web.archive.org/web/20160901/nomadlist.com
20160904,https://web.archive.org/web/20160904/nomadlist.com
20160906,https://web.archive.org/web/20160906/nomadlist.com
20160909,https://web.archive.org/web/20160909/nomadlist.com
20160911,https://web.archive.org/web/20160911/nomadlist.com
20160916,https://web.archive.org/web/20160916/nomadlist.com
20160923,https://web.archive.org/web/20160923/nomadlist.com
20160924,https://web.archive.org/web/20160924/nomadlist.com
20160925,https://web.archive.org/web/20160925/nomadlist.com
20160926,https://web.archive.org/web/20160926/nomadlist.com
20161010,https://web.archive.org/web/20161010/nomadlist.com
20161011,https://web.archive.org/web/20161011/nomadlist.com
20161018,https://web.archive.org/web/20161018/nomadlist.com
20161022,https://web.archive.org/web/20161022/nomadlist.com
20161111,https://web.archive.org/web/20161111/nomadlist.com
20161115,https://web.archive.org/web/20161115/nomadlist.com
20161125,https://web.archive.org/web/20161125/nomadlist.com
20161202,https://web.archive.org/web/20161202/nomadlist.com
20161203,https://web.archive.org/web/20161203/nomadlist.com
20161214,https://web.archive.org/web/20161214/nomadlist.com
20161219,https://web.archive.org/web/20161219/nomadlist.com
20161220,https://web.archive.org/web/20161220/nomadlist.com
20161223,https://web.archive.org/web/20161223/nomadlist.com
20170106,https://web.archive.org/web/20170106/nomadlist.com
20170116,https://web.archive.org/web/20170116/nomadlist.com
20170127,https://web.archive.org/web/20170127/nomadlist.com
20170128,https://web.archive.org/web/20170128/nomadlist.com
20170204,https://web.archive.org/web/20170204/nomadlist.com
20170218,https://web.archive.org/web/20170218/nomadlist.com
20170317,https://web.archive.org/web/20170317/nomadlist.com
20170322,https://web.archive.org/web/20170322/nomadlist.com
20170421,https://web.archive.org/web/20170421/nomadlist.com
20170430,https://web.archive.org/web/20170430/nomadlist.com
20170506,https://web.archive.org/web/20170506/nomadlist.com
20170512,https://web.archive.org/web/20170512/nomadlist.com
20170513,https://web.archive.org/web/20170513/nomadlist.com
20170520,https://web.archive.org/web/20170520/nomadlist.com
20170530,https://web.archive.org/web/20170530/nomadlist.com
20170531,https://web.archive.org/web/20170531/nomadlist.com
20170603,https://web.archive.org/web/20170603/nomadlist.com
20170604,https://web.archive.org/web/20170604/nomadlist.com
20170605,https://web.archive.org/web/20170605/nomadlist.com
20170608,https://web.archive.org/web/20170608/nomadlist.com
20170612,https://web.archive.org/web/20170612/nomadlist.com
20170613,https://web.archive.org/web/20170613/nomadlist.com
20170614,https://web.archive.org/web/20170614/nomadlist.com
20170615,https://web.archive.org/web/20170615/nomadlist.com
20170616,https://web.archive.org/web/20170616/nomadlist.com
20170617,https://web.archive.org/web/20170617/nomadlist.com
20170618,https://web.archive.org/web/20170618/nomadlist.com
20170619,https://web.archive.org/web/20170619/nomadlist.com
20170620,https://web.archive.org/web/20170620/nomadlist.com
20170621,https://web.archive.org/web/20170621/nomadlist.com
20170622,https://web.archive.org/web/20170622/nomadlist.com
20170623,https://web.archive.org/web/20170623/nomadlist.com
20170624,https://web.archive.org/web/20170624/nomadlist.com
20170625,https://web.archive.org/web/20170625/nomadlist.com
20170626,https://web.archive.org/web/20170626/nomadlist.com
20170627,https://web.archive.org/web/20170627/nomadlist.com
20170629,https://web.archive.org/web/20170629/nomadlist.com
20170701,https://web.archive.org/web/20170701/nomadlist.com
20170702,https://web.archive.org/web/20170702/nomadlist.com
20170704,https://web.archive.org/web/20170704/nomadlist.com
20170705,https://web.archive.org/web/20170705/nomadlist.com
20170706,https://web.archive.org/web/20170706/nomadlist.com
20170707,https://web.archive.org/web/20170707/nomadlist.com
20170708,https://web.archive.org/web/20170708/nomadlist.com
20170709,https://web.archive.org/web/20170709/nomadlist.com
20170710,https://web.archive.org/web/20170710/nomadlist.com
20170711,https://web.archive.org/web/20170711/nomadlist.com
20170712,https://web.archive.org/web/20170712/nomadlist.com
20170713,https://web.archive.org/web/20170713/nomadlist.com
20170714,https://web.archive.org/web/20170714/nomadlist.com
20170715,https://web.archive.org/web/20170715/nomadlist.com
20170716,https://web.archive.org/web/20170716/nomadlist.com
20170717,https://web.archive.org/web/20170717/nomadlist.com
20170718,https://web.archive.org/web/20170718/nomadlist.com
20170719,https://web.archive.org/web/20170719/nomadlist.com
20170720,https://web.archive.org/web/20170720/nomadlist.com
20170721,https://web.archive.org/web/20170721/nomadlist.com
20170722,https://web.archive.org/web/20170722/nomadlist.com
20170724,https://web.archive.org/web/20170724/nomadlist.com
20170725,https://web.archive.org/web/20170725/nomadlist.com
20170726,https://web.archive.org/web/20170726/nomadlist.com
20170727,https://web.archive.org/web/20170727/nomadlist.com
20170728,https://web.archive.org/web/20170728/nomadlist.com
20170729,https://web.archive.org/web/20170729/nomadlist.com
20170730,https://web.archive.org/web/20170730/nomadlist.com
20170801,https://web.archive.org/web/20170801/nomadlist.com
20170802,https://web.archive.org/web/20170802/nomadlist.com
20170803,https://web.archive.org/web/20170803/nomadlist.com
20170804,https://web.archive.org/web/20170804/nomadlist.com
20170805,https://web.archive.org/web/20170805/nomadlist.com
20170806,https://web.archive.org/web/20170806/nomadlist.com
20170807,https://web.archive.org/web/20170807/nomadlist.com
20170808,https://web.archive.org/web/20170808/nomadlist.com
20170809,https://web.archive.org/web/20170809/nomadlist.com
20170810,https://web.archive.org/web/20170810/nomadlist.com
20170811,https://web.archive.org/web/20170811/nomadlist.com
20170812,https://web.archive.org/web/20170812/nomadlist.com
20170813,https://web.archive.org/web/20170813/nomadlist.com
20170814,https://web.archive.org/web/20170814/nomadlist.com
20170816,https://web.archive.org/web/20170816/nomadlist.com
20170817,https://web.archive.org/web/20170817/nomadlist.com
20170818,https://web.archive.org/web/20170818/nomadlist.com
20170819,https://web.archive.org/web/20170819/nomadlist.com
20170820,https://web.archive.org/web/20170820/nomadlist.com
20170821,https://web.archive.org/web/20170821/nomadlist.com
20170822,https://web.archive.org/web/20170822/nomadlist.com
20170823,https://web.archive.org/web/20170823/nomadlist.com
20170824,https://web.archive.org/web/20170824/nomadlist.com
20170825,https://web.archive.org/web/20170825/nomadlist.com
20170826,https://web.archive.org/web/20170826/nomadlist.com
20170827,https://web.archive.org/web/20170827/nomadlist.com
20170828,https://web.archive.org/web/20170828/nomadlist.com
20170829,https://web.archive.org/web/20170829/nomadlist.com
20170830,https://web.archive.org/web/20170830/nomadlist.com
20170831,https://web.archive.org/web/20170831/nomadlist.com
20170901,https://web.archive.org/web/20170901/nomadlist.com
20170902,https://web.archive.org/web/20170902/nomadlist.com
20170903,https://web.archive.org/web/20170903/nomadlist.com
20170904,https://web.archive.org/web/20170904/nomadlist.com
20170905,https://web.archive.org/web/20170905/nomadlist.com
20170906,https://web.archive.org/web/20170906/nomadlist.com
20170907,https://web.archive.org/web/20170907/nomadlist.com
20170908,https://web.archive.org/web/20170908/nomadlist.com
20170909,https://web.archive.org/web/20170909/nomadlist.com
20170910,https://web.archive.org/web/20170910/nomadlist.com
20170911,https://web.archive.org/web/20170911/nomadlist.com
20170912,https://web.archive.org/web/20170912/nomadlist.com
20170913,https://web.archive.org/web/20170913/nomadlist.com
20170914,https://web.archive.org/web/20170914/nomadlist.com
20170915,https://web.archive.org/web/20170915/nomadlist.com
20170916,https://web.archive.org/web/20170916/nomadlist.com
20170917,https://web.archive.org/web/20170917/nomadlist.com
20170918,https://web.archive.org/web/20170918/nomadlist.com
20170919,https://web.archive.org/web/20170919/nomadlist.com
20170920,https://web.archive.org/web/20170920/nomadlist.com
20170922,https://web.archive.org/web/20170922/nomadlist.com
20170929,https://web.archive.org/web/20170929/nomadlist.com
20171003,https://web.archive.org/web/20171003/nomadlist.com
20171004,https://web.archive.org/web/20171004/nomadlist.com
20171005,https://web.archive.org/web/20171005/nomadlist.com
20171006,https://web.archive.org/web/20171006/nomadlist.com
20171007,https://web.archive.org/web/20171007/nomadlist.com
20171008,https://web.archive.org/web/20171008/nomadlist.com
20171009,https://web.archive.org/web/20171009/nomadlist.com
20171010,https://web.archive.org/web/20171010/nomadlist.com
20171011,https://web.archive.org/web/20171011/nomadlist.com
20171012,https://web.archive.org/web/20171012/nomadlist.com
20171013,https://web.archive.org/web/20171013/nomadlist.com
20171014,https://web.archive.org/web/20171014/nomadlist.com
20171015,https://web.archive.org/web/20171015/nomadlist.com
20171016,https://web.archive.org/web/20171016/nomadlist.com
20171017,https://web.archive.org/web/20171017/nomadlist.com
20171018,https://web.archive.org/web/20171018/nomadlist.com
20171019,https://web.archive.org/web/20171019/nomadlist.com
20171020,https://web.archive.org/web/20171020/nomadlist.com
20171021,https://web.archive.org/web/20171021/nomadlist.com
20171022,https://web.archive.org/web/20171022/nomadlist.com
20171023,https://web.archive.org/web/20171023/nomadlist.com
20171024,https://web.archive.org/web/20171024/nomadlist.com
20171025,https://web.archive.org/web/20171025/nomadlist.com
20171026,https://web.archive.org/web/20171026/nomadlist.com
20171028,https://web.archive.org/web/20171028/nomadlist.com
20171102,https://web.archive.org/web/20171102/nomadlist.com
20171103,https://web.archive.org/web/20171103/nomadlist.com
20171104,https://web.archive.org/web/20171104/nomadlist.com
20171105,https://web.archive.org/web/20171105/nomadlist.com
20171106,https://web.archive.org/web/20171106/nomadlist.com
20171107,https://web.archive.org/web/20171107/nomadlist.com
20171108,https://web.archive.org/web/20171108/nomadlist.com
20171109,https://web.archive.org/web/20171109/nomadlist.com
20171110,https://web.archive.org/web/20171110/nomadlist.com
20171111,https://web.archive.org/web/20171111/nomadlist.com
20171112,https://web.archive.org/web/20171112/nomadlist.com
20171114,https://web.archive.org/web/20171114/nomadlist.com
20171118,https://web.archive.org/web/20171118/nomadlist.com
20171119,https://web.archive.org/web/20171119/nomadlist.com
20171120,https://web.archive.org/web/20171120/nomadlist.com
20171121,https://web.archive.org/web/20171121/nomadlist.com
20171122,https://web.archive.org/web/20171122/nomadlist.com
20171123,https://web.archive.org/web/20171123/nomadlist.com
20171124,https://web.archive.org/web/20171124/nomadlist.com
20171125,https://web.archive.org/web/20171125/nomadlist.com
20171126,https://web.archive.org/web/20171126/nomadlist.com
20171127,https://web.archive.org/web/20171127/nomadlist.com
20171129,https://web.archive.org/web/20171129/nomadlist.com
20171130,https://web.archive.org/web/20171130/nomadlist.com
20171201,https://web.archive.org/web/20171201/nomadlist.com
20171206,https://web.archive.org/web/20171206/nomadlist.com
20171207,https://web.archive.org/web/20171207/nomadlist.com
20171208,https://web.archive.org/web/20171208/nomadlist.com
20171209,https://web.archive.org/web/20171209/nomadlist.com
20171210,https://web.archive.org/web/20171210/nomadlist.com
20171211,https://web.archive.org/web/20171211/nomadlist.com
20171212,https://web.archive.org/web/20171212/nomadlist.com
20171213,https://web.archive.org/web/20171213/nomadlist.com
20171214,https://web.archive.org/web/20171214/nomadlist.com
20171215,https://web.archive.org/web/20171215/nomadlist.com
20171221,https://web.archive.org/web/20171221/nomadlist.com
20171222,https://web.archive.org/web/20171222/nomadlist.com
20171223,https://web.archive.org/web/20171223/nomadlist.com
20171224,https://web.archive.org/web/20171224/nomadlist.com
20171225,https://web.archive.org/web/20171225/nomadlist.com
20171226,https://web.archive.org/web/20171226/nomadlist.com
20171227,https://web.archive.org/web/20171227/nomadlist.com
20171228,https://web.archive.org/web/20171228/nomadlist.com
20171229,https://web.archive.org/web/20171229/nomadlist.com
20171230,https://web.archive.org/web/20171230/nomadlist.com
20171231,https://web.archive.org/web/20171231/nomadlist.com
20180101,https://web.archive.org/web/20180101/nomadlist.com
20180102,https://web.archive.org/web/20180102/nomadlist.com
20180103,https://web.archive.org/web/20180103/nomadlist.com
20180104,https://web.archive.org/web/20180104/nomadlist.com
20180105,https://web.archive.org/web/20180105/nomadlist.com
20180106,https://web.archive.org/web/20180106/nomadlist.com
20180107,https://web.archive.org/web/20180107/nomadlist.com
20180108,https://web.archive.org/web/20180108/nomadlist.com
20180109,https://web.archive.org/web/20180109/nomadlist.com
20180111,https://web.archive.org/web/20180111/nomadlist.com
20180112,https://web.archive.org/web/20180112/nomadlist.com
20180113,https://web.archive.org/web/20180113/nomadlist.com
20180114,https://web.archive.org/web/20180114/nomadlist.com
20180115,https://web.archive.org/web/20180115/nomadlist.com
20180117,https://web.archive.org/web/20180117/nomadlist.com
20180121,https://web.archive.org/web/20180121/nomadlist.com
20180203,https://web.archive.org/web/20180203/nomadlist.com
20180208,https://web.archive.org/web/20180208/nomadlist.com
20180209,https://web.archive.org/web/20180209/nomadlist.com
20180210,https://web.archive.org/web/20180210/nomadlist.com
20180211,https://web.archive.org/web/20180211/nomadlist.com
20180212,https://web.archive.org/web/20180212/nomadlist.com
20180213,https://web.archive.org/web/20180213/nomadlist.com
20180214,https://web.archive.org/web/20180214/nomadlist.com
20180215,https://web.archive.org/web/20180215/nomadlist.com
20180216,https://web.archive.org/web/20180216/nomadlist.com
20180217,https://web.archive.org/web/20180217/nomadlist.com
20180218,https://web.archive.org/web/20180218/nomadlist.com
20180219,https://web.archive.org/web/20180219/nomadlist.com
20180220,https://web.archive.org/web/20180220/nomadlist.com
20180221,https://web.archive.org/web/20180221/nomadlist.com
20180222,https://web.archive.org/web/20180222/nomadlist.com
20180223,https://web.archive.org/web/20180223/nomadlist.com
20180224,https://web.archive.org/web/20180224/nomadlist.com
20180225,https://web.archive.org/web/20180225/nomadlist.com
20180226,https://web.archive.org/web/20180226/nomadlist.com
20180227,https://web.archive.org/web/20180227/nomadlist.com
20180228,https://web.archive.org/web/20180228/nomadlist.com
20180301,https://web.archive.org/web/20180301/nomadlist.com
20180303,https://web.archive.org/web/20180303/nomadlist.com
20180304,https://web.archive.org/web/20180304/nomadlist.com
20180305,https://web.archive.org/web/20180305/nomadlist.com
20180306,https://web.archive.org/web/20180306/nomadlist.com
20180307,https://web.archive.org/web/20180307/nomadlist.com
20180308,https://web.archive.org/web/20180308/nomadlist.com
20180309,https://web.archive.org/web/20180309/nomadlist.com
20180310,https://web.archive.org/web/20180310/nomadlist.com
20180311,https://web.archive.org/web/20180311/nomadlist.com
20180312,https://web.archive.org/web/20180312/nomadlist.com
20180313,https://web.archive.org/web/20180313/nomadlist.com
20180314,https://web.archive.org/web/20180314/nomadlist.com
20180315,https://web.archive.org/web/20180315/nomadlist.com
20180316,https://web.archive.org/web/20180316/nomadlist.com
20180317,https://web.archive.org/web/20180317/nomadlist.com
20180318,https://web.archive.org/web/20180318/nomadlist.com
20180319,https://web.archive.org/web/20180319/nomadlist.com
20180321,https://web.archive.org/web/20180321/nomadlist.com
20180322,https://web.archive.org/web/20180322/nomadlist.com
20180323,https://web.archive.org/web/20180323/nomadlist.com
20180324,https://web.archive.org/web/20180324/nomadlist.com
20180325,https://web.archive.org/web/20180325/nomadlist.com
20180326,https://web.archive.org/web/20180326/nomadlist.com
20180409,https://web.archive.org/web/20180409/nomadlist.com
20180413,https://web.archive.org/web/20180413/nomadlist.com
20180414,https://web.archive.org/web/20180414/nomadlist.com
20180415,https://web.archive.org/web/20180415/nomadlist.com
20180416,https://web.archive.org/web/20180416/nomadlist.com
20180418,https://web.archive.org/web/20180418/nomadlist.com
20180419,https://web.archive.org/web/20180419/nomadlist.com
20180421,https://web.archive.org/web/20180421/nomadlist.com
20180424,https://web.archive.org/web/20180424/nomadlist.com
20180425,https://web.archive.org/web/20180425/nomadlist.com
20180426,https://web.archive.org/web/20180426/nomadlist.com
20180428,https://web.archive.org/web/20180428/nomadlist.com
20180501,https://web.archive.org/web/20180501/nomadlist.com
20180503,https://web.archive.org/web/20180503/nomadlist.com
20180508,https://web.archive.org/web/20180508/nomadlist.com
20180510,https://web.archive.org/web/20180510/nomadlist.com
20180515,https://web.archive.org/web/20180515/nomadlist.com
20180518,https://web.archive.org/web/20180518/nomadlist.com
20180525,https://web.archive.org/web/20180525/nomadlist.com
20180526,https://web.archive.org/web/20180526/nomadlist.com
20180528,https://web.archive.org/web/20180528/nomadlist.com
20180530,https://web.archive.org/web/20180530/nomadlist.com
20180601,https://web.archive.org/web/20180601/nomadlist.com
20180606,https://web.archive.org/web/20180606/nomadlist.com
20180609,https://web.archive.org/web/20180609/nomadlist.com
20180610,https://web.archive.org/web/20180610/nomadlist.com
20180612,https://web.archive.org/web/20180612/nomadlist.com
20180616,https://web.archive.org/web/20180616/nomadlist.com
20180617,https://web.archive.org/web/20180617/nomadlist.com
20180624,https://web.archive.org/web/20180624/nomadlist.com
20180627,https://web.archive.org/web/20180627/nomadlist.com
20180711,https://web.archive.org/web/20180711/nomadlist.com
20180718,https://web.archive.org/web/20180718/nomadlist.com
20180719,https://web.archive.org/web/20180719/nomadlist.com
20180720,https://web.archive.org/web/20180720/nomadlist.com
20180721,https://web.archive.org/web/20180721/nomadlist.com
20180722,https://web.archive.org/web/20180722/nomadlist.com
20180724,https://web.archive.org/web/20180724/nomadlist.com
20180726,https://web.archive.org/web/20180726/nomadlist.com
20180727,https://web.archive.org/web/20180727/nomadlist.com
20180728,https://web.archive.org/web/20180728/nomadlist.com
20180729,https://web.archive.org/web/20180729/nomadlist.com
20180730,https://web.archive.org/web/20180730/nomadlist.com
20180731,https://web.archive.org/web/20180731/nomadlist.com
20180803,https://web.archive.org/web/20180803/nomadlist.com
20180805,https://web.archive.org/web/20180805/nomadlist.com
20180806,https://web.archive.org/web/20180806/nomadlist.com
20180808,https://web.archive.org/web/20180808/nomadlist.com
20180809,https://web.archive.org/web/20180809/nomadlist.com
20180810,https://web.archive.org/web/20180810/nomadlist.com
20180812,https://web.archive.org/web/20180812/nomadlist.com
20180813,https://web.archive.org/web/20180813/nomadlist.com
20180814,https://web.archive.org/web/20180814/nomadlist.com
20180818,https://web.archive.org/web/20180818/nomadlist.com
20180822,https://web.archive.org/web/20180822/nomadlist.com
20180825,https://web.archive.org/web/20180825/nomadlist.com
20180829,https://web.archive.org/web/20180829/nomadlist.com
20180830,https://web.archive.org/web/20180830/nomadlist.com
20180831,https://web.archive.org/web/20180831/nomadlist.com
20180901,https://web.archive.org/web/20180901/nomadlist.com
20180902,https://web.archive.org/web/20180902/nomadlist.com
20180903,https://web.archive.org/web/20180903/nomadlist.com
20180904,https://web.archive.org/web/20180904/nomadlist.com
20180905,https://web.archive.org/web/20180905/nomadlist.com
20180906,https://web.archive.org/web/20180906/nomadlist.com
20180907,https://web.archive.org/web/20180907/nomadlist.com
20180908,https://web.archive.org/web/20180908/nomadlist.com
20180909,https://web.archive.org/web/20180909/nomadlist.com
20180910,https://web.archive.org/web/20180910/nomadlist.com
20180911,https://web.archive.org/web/20180911/nomadlist.com
20180912,https://web.archive.org/web/20180912/nomadlist.com
20180913,https://web.archive.org/web/20180913/nomadlist.com
20180914,https://web.archive.org/web/20180914/nomadlist.com
20180915,https://web.archive.org/web/20180915/nomadlist.com
20180916,https://web.archive.org/web/20180916/nomadlist.com
20180917,https://web.archive.org/web/20180917/nomadlist.com
20180918,https://web.archive.org/web/20180918/nomadlist.com
20180919,https://web.archive.org/web/20180919/nomadlist.com
20180920,https://web.archive.org/web/20180920/nomadlist.com
20180921,https://web.archive.org/web/20180921/nomadlist.com
20180922,https://web.archive.org/web/20180922/nomadlist.com
20180923,https://web.archive.org/web/20180923/nomadlist.com
20180924,https://web.archive.org/web/20180924/nomadlist.com
20180925,https://web.archive.org/web/20180925/nomadlist.com
20180926,https://web.archive.org/web/20180926/nomadlist.com
20180927,https://web.archive.org/web/20180927/nomadlist.com
20180928,https://web.archive.org/web/20180928/nomadlist.com
20180929,https://web.archive.org/web/20180929/nomadlist.com
20180930,https://web.archive.org/web/20180930/nomadlist.com
20181001,https://web.archive.org/web/20181001/nomadlist.com
20181002,https://web.archive.org/web/20181002/nomadlist.com
20181003,https://web.archive.org/web/20181003/nomadlist.com
20181004,https://web.archive.org/web/20181004/nomadlist.com
20181005,https://web.archive.org/web/20181005/nomadlist.com
20181006,https://web.archive.org/web/20181006/nomadlist.com
20181007,https://web.archive.org/web/20181007/nomadlist.com
20181008,https://web.archive.org/web/20181008/nomadlist.com
20181009,https://web.archive.org/web/20181009/nomadlist.com
20181010,https://web.archive.org/web/20181010/nomadlist.com
20181011,https://web.archive.org/web/20181011/nomadlist.com
20181012,https://web.archive.org/web/20181012/nomadlist.com
20181013,https://web.archive.org/web/20181013/nomadlist.com
20181014,https://web.archive.org/web/20181014/nomadlist.com
20181015,https://web.archive.org/web/20181015/nomadlist.com
20181016,https://web.archive.org/web/20181016/nomadlist.com
20181017,https://web.archive.org/web/20181017/nomadlist.com
20181018,https://web.archive.org/web/20181018/nomadlist.com
20181019,https://web.archive.org/web/20181019/nomadlist.com
20181020,https://web.archive.org/web/20181020/nomadlist.com
20181022,https://web.archive.org/web/20181022/nomadlist.com
20181023,https://web.archive.org/web/20181023/nomadlist.com
20181024,https://web.archive.org/web/20181024/nomadlist.com
20181025,https://web.archive.org/web/20181025/nomadlist.com
20181026,https://web.archive.org/web/20181026/nomadlist.com
20181028,https://web.archive.org/web/20181028/nomadlist.com
20181029,https://web.archive.org/web/20181029/nomadlist.com
20181030,https://web.archive.org/web/20181030/nomadlist.com
20181101,https://web.archive.org/web/20181101/nomadlist.com
20181102,https://web.archive.org/web/20181102/nomadlist.com
20181103,https://web.archive.org/web/20181103/nomadlist.com
20181104,https://web.archive.org/web/20181104/nomadlist.com
20181105,https://web.archive.org/web/20181105/nomadlist.com
20181107,https://web.archive.org/web/20181107/nomadlist.com
20181108,https://web.archive.org/web/20181108/nomadlist.com
20181109,https://web.archive.org/web/20181109/nomadlist.com
20181110,https://web.archive.org/web/20181110/nomadlist.com
20181111,https://web.archive.org/web/20181111/nomadlist.com
20181112,https://web.archive.org/web/20181112/nomadlist.com
20181113,https://web.archive.org/web/20181113/nomadlist.com
20181114,https://web.archive.org/web/20181114/nomadlist.com
20181115,https://web.archive.org/web/20181115/nomadlist.com
20181116,https://web.archive.org/web/20181116/nomadlist.com
20181117,https://web.archive.org/web/20181117/nomadlist.com
20181118,https://web.archive.org/web/20181118/nomadlist.com
20181119,https://web.archive.org/web/20181119/nomadlist.com
20181120,https://web.archive.org/web/20181120/nomadlist.com
20181121,https://web.archive.org/web/20181121/nomadlist.com
20181122,https://web.archive.org/web/20181122/nomadlist.com
20181123,https://web.archive.org/web/20181123/nomadlist.com
20181125,https://web.archive.org/web/20181125/nomadlist.com
20181126,https://web.archive.org/web/20181126/nomadlist.com
20181127,https://web.archive.org/web/20181127/nomadlist.com
20181128,https://web.archive.org/web/20181128/nomadlist.com
20181129,https://web.archive.org/web/20181129/nomadlist.com
20181130,https://web.archive.org/web/20181130/nomadlist.com
20181201,https://web.archive.org/web/20181201/nomadlist.com
20181203,https://web.archive.org/web/20181203/nomadlist.com
20181204,https://web.archive.org/web/20181204/nomadlist.com
20181205,https://web.archive.org/web/20181205/nomadlist.com
20181206,https://web.archive.org/web/20181206/nomadlist.com
20181207,https://web.archive.org/web/20181207/nomadlist.com
20181208,https://web.archive.org/web/20181208/nomadlist.com
20181209,https://web.archive.org/web/20181209/nomadlist.com
20181210,https://web.archive.org/web/20181210/nomadlist.com
20181211,https://web.archive.org/web/20181211/nomadlist.com
20181212,https://web.archive.org/web/20181212/nomadlist.com
20181213,https://web.archive.org/web/20181213/nomadlist.com
20181214,https://web.archive.org/web/20181214/nomadlist.com
20181215,https://web.archive.org/web/20181215/nomadlist.com
20181216,https://web.archive.org/web/20181216/nomadlist.com
20181217,https://web.archive.org/web/20181217/nomadlist.com
20181218,https://web.archive.org/web/20181218/nomadlist.com
20181219,https://web.archive.org/web/20181219/nomadlist.com
20181220,https://web.archive.org/web/20181220/nomadlist.com
20181221,https://web.archive.org/web/20181221/nomadlist.com
20181222,https://web.archive.org/web/20181222/nomadlist.com
20181223,https://web.archive.org/web/20181223/nomadlist.com
20181224,https://web.archive.org/web/20181224/nomadlist.com
20181225,https://web.archive.org/web/20181225/nomadlist.com
20181226,https://web.archive.org/web/20181226/nomadlist.com
20181227,https://web.archive.org/web/20181227/nomadlist.com
20181228,https://web.archive.org/web/20181228/nomadlist.com
20181229,https://web.archive.org/web/20181229/nomadlist.com
20181230,https://web.archive.org/web/20181230/nomadlist.com
20181231,https://web.archive.org/web/20181231/nomadlist.com
20190102,https://web.archive.org/web/20190102/nomadlist.com
20190103,https://web.archive.org/web/20190103/nomadlist.com
20190104,https://web.archive.org/web/20190104/nomadlist.com
20190106,https://web.archive.org/web/20190106/nomadlist.com
20190107,https://web.archive.org/web/20190107/nomadlist.com
20190108,https://web.archive.org/web/20190108/nomadlist.com
20190109,https://web.archive.org/web/20190109/nomadlist.com
20190112,https://web.archive.org/web/20190112/nomadlist.com
20190113,https://web.archive.org/web/20190113/nomadlist.com
20190114,https://web.archive.org/web/20190114/nomadlist.com
20190117,https://web.archive.org/web/20190117/nomadlist.com
20190119,https://web.archive.org/web/20190119/nomadlist.com
20190120,https://web.archive.org/web/20190120/nomadlist.com
20190122,https://web.archive.org/web/20190122/nomadlist.com
20190124,https://web.archive.org/web/20190124/nomadlist.com
20190125,https://web.archive.org/web/20190125/nomadlist.com
20190128,https://web.archive.org/web/20190128/nomadlist.com
20190130,https://web.archive.org/web/20190130/nomadlist.com
20190201,https://web.archive.org/web/20190201/nomadlist.com
20190204,https://web.archive.org/web/20190204/nomadlist.com
20190211,https://web.archive.org/web/20190211/nomadlist.com
20190212,https://web.archive.org/web/20190212/nomadlist.com
20190215,https://web.archive.org/web/20190215/nomadlist.com
20190218,https://web.archive.org/web/20190218/nomadlist.com
20190220,https://web.archive.org/web/20190220/nomadlist.com
20190221,https://web.archive.org/web/20190221/nomadlist.com
20190223,https://web.archive.org/web/20190223/nomadlist.com
20190224,https://web.archive.org/web/20190224/nomadlist.com
20190225,https://web.archive.org/web/20190225/nomadlist.com
20190226,https://web.archive.org/web/20190226/nomadlist.com
20190227,https://web.archive.org/web/20190227/nomadlist.com
20190304,https://web.archive.org/web/20190304/nomadlist.com
20190306,https://web.archive.org/web/20190306/nomadlist.com
20190309,https://web.archive.org/web/20190309/nomadlist.com
20190311,https://web.archive.org/web/20190311/nomadlist.com
20190314,https://web.archive.org/web/20190314/nomadlist.com
20190315,https://web.archive.org/web/20190315/nomadlist.com
20190323,https://web.archive.org/web/20190323/nomadlist.com
20190326,https://web.archive.org/web/20190326/nomadlist.com
20190328,https://web.archive.org/web/20190328/nomadlist.com
20190329,https://web.archive.org/web/20190329/nomadlist.com
20190330,https://web.archive.org/web/20190330/nomadlist.com
20190401,https://web.archive.org/web/20190401/nomadlist.com
20190402,https://web.archive.org/web/20190402/nomadlist.com
20190404,https://web.archive.org/web/20190404/nomadlist.com
20190406,https://web.archive.org/web/20190406/nomadlist.com
20190410,https://web.archive.org/web/20190410/nomadlist.com
20190412,https://web.archive.org/web/20190412/nomadlist.com
20190413,https://web.archive.org/web/20190413/nomadlist.com
20190414,https://web.archive.org/web/20190414/nomadlist.com
20190415,https://web.archive.org/web/20190415/nomadlist.com
20190416,https://web.archive.org/web/20190416/nomadlist.com
20190417,https://web.archive.org/web/20190417/nomadlist.com
20190421,https://web.archive.org/web/20190421/nomadlist.com
20190422,https://web.archive.org/web/20190422/nomadlist.com
20190426,https://web.archive.org/web/20190426/nomadlist.com
20190428,https://web.archive.org/web/20190428/nomadlist.com
20190430,https://web.archive.org/web/20190430/nomadlist.com
20190501,https://web.archive.org/web/20190501/nomadlist.com
20190502,https://web.archive.org/web/20190502/nomadlist.com
20190503,https://web.archive.org/web/20190503/nomadlist.com
20190504,https://web.archive.org/web/20190504/nomadlist.com
20190505,https://web.archive.org/web/20190505/nomadlist.com
20190508,https://web.archive.org/web/20190508/nomadlist.com
20190509,https://web.archive.org/web/20190509/nomadlist.com
20190510,https://web.archive.org/web/20190510/nomadlist.com
20190513,https://web.archive.org/web/20190513/nomadlist.com
20190515,https://web.archive.org/web/20190515/nomadlist.com
20190516,https://web.archive.org/web/20190516/nomadlist.com
20190519,https://web.archive.org/web/20190519/nomadlist.com
20190520,https://web.archive.org/web/20190520/nomadlist.com
20190521,https://web.archive.org/web/20190521/nomadlist.com
20190523,https://web.archive.org/web/20190523/nomadlist.com
20190524,https://web.archive.org/web/20190524/nomadlist.com
20190528,https://web.archive.org/web/20190528/nomadlist.com
20190529,https://web.archive.org/web/20190529/nomadlist.com
20190531,https://web.archive.org/web/20190531/nomadlist.com
20190602,https://web.archive.org/web/20190602/nomadlist.com
20190613,https://web.archive.org/web/20190613/nomadlist.com
20190617,https://web.archive.org/web/20190617/nomadlist.com
20190618,https://web.archive.org/web/20190618/nomadlist.com
20190625,https://web.archive.org/web/20190625/nomadlist.com
20190626,https://web.archive.org/web/20190626/nomadlist.com
20190627,https://web.archive.org/web/20190627/nomadlist.com
20190628,https://web.archive.org/web/20190628/nomadlist.com
20190629,https://web.archive.org/web/20190629/nomadlist.com
20190630,https://web.archive.org/web/20190630/nomadlist.com
20190704,https://web.archive.org/web/20190704/nomadlist.com
20190706,https://web.archive.org/web/20190706/nomadlist.com
20190707,https://web.archive.org/web/20190707/nomadlist.com
20190708,https://web.archive.org/web/20190708/nomadlist.com
20190709,https://web.archive.org/web/20190709/nomadlist.com
20190711,https://web.archive.org/web/20190711/nomadlist.com
20190713,https://web.archive.org/web/20190713/nomadlist.com
20190714,https://web.archive.org/web/20190714/nomadlist.com
20190715,https://web.archive.org/web/20190715/nomadlist.com
20190719,https://web.archive.org/web/20190719/nomadlist.com
20190720,https://web.archive.org/web/20190720/nomadlist.com
20190721,https://web.archive.org/web/20190721/nomadlist.com
20190722,https://web.archive.org/web/20190722/nomadlist.com
20190723,https://web.archive.org/web/20190723/nomadlist.com
20190724,https://web.archive.org/web/20190724/nomadlist.com
20190725,https://web.archive.org/web/20190725/nomadlist.com
20190726,https://web.archive.org/web/20190726/nomadlist.com
20190727,https://web.archive.org/web/20190727/nomadlist.com
20190728,https://web.archive.org/web/20190728/nomadlist.com
20190730,https://web.archive.org/web/20190730/nomadlist.com
20190731,https://web.archive.org/web/20190731/nomadlist.com
20190803,https://web.archive.org/web/20190803/nomadlist.com
20190806,https://web.archive.org/web/20190806/nomadlist.com
20190807,https://web.archive.org/web/20190807/nomadlist.com
20190808,https://web.archive.org/web/20190808/nomadlist.com
20190810,https://web.archive.org/web/20190810/nomadlist.com
20190813,https://web.archive.org/web/20190813/nomadlist.com
20190814,https://web.archive.org/web/20190814/nomadlist.com
20190815,https://web.archive.org/web/20190815/nomadlist.com
20190824,https://web.archive.org/web/20190824/nomadlist.com
20190825,https://web.archive.org/web/20190825/nomadlist.com
20190826,https://web.archive.org/web/20190826/nomadlist.com
20190827,https://web.archive.org/web/20190827/nomadlist.com
20190828,https://web.archive.org/web/20190828/nomadlist.com
20190829,https://web.archive.org/web/20190829/nomadlist.com
20190830,https://web.archive.org/web/20190830/nomadlist.com
20190831,https://web.archive.org/web/20190831/nomadlist.com
20190901,https://web.archive.org/web/20190901/nomadlist.com
20190902,https://web.archive.org/web/20190902/nomadlist.com
20190903,https://web.archive.org/web/20190903/nomadlist.com
20190904,https://web.archive.org/web/20190904/nomadlist.com
20190905,https://web.archive.org/web/20190905/nomadlist.com
20190909,https://web.archive.org/web/20190909/nomadlist.com
20190915,https://web.archive.org/web/20190915/nomadlist.com
20190916,https://web.archive.org/web/20190916/nomadlist.com
20190917,https://web.archive.org/web/20190917/nomadlist.com
20190930,https://web.archive.org/web/20190930/nomadlist.com
20191001,https://web.archive.org/web/20191001/nomadlist.com
20191002,https://web.archive.org/web/20191002/nomadlist.com
20191003,https://web.archive.org/web/20191003/nomadlist.com
20191005,https://web.archive.org/web/20191005/nomadlist.com
20191011,https://web.archive.org/web/20191011/nomadlist.com
20191012,https://web.archive.org/web/20191012/nomadlist.com
20191013,https://web.archive.org/web/20191013/nomadlist.com
20191014,https://web.archive.org/web/20191014/nomadlist.com
20191015,https://web.archive.org/web/20191015/nomadlist.com
20191016,https://web.archive.org/web/20191016/nomadlist.com
20191017,https://web.archive.org/web/20191017/nomadlist.com
20191018,https://web.archive.org/web/20191018/nomadlist.com
20191019,https://web.archive.org/web/20191019/nomadlist.com
20191020,https://web.archive.org/web/20191020/nomadlist.com
20191021,https://web.archive.org/web/20191021/nomadlist.com
20191022,https://web.archive.org/web/20191022/nomadlist.com
20191023,https://web.archive.org/web/20191023/nomadlist.com
20191025,https://web.archive.org/web/20191025/nomadlist.com
20191026,https://web.archive.org/web/20191026/nomadlist.com
20191027,https://web.archive.org/web/20191027/nomadlist.com
20191029,https://web.archive.org/web/20191029/nomadlist.com
20191030,https://web.archive.org/web/20191030/nomadlist.com
20191031,https://web.archive.org/web/20191031/nomadlist.com
20191101,https://web.archive.org/web/20191101/nomadlist.com
20191102,https://web.archive.org/web/20191102/nomadlist.com
20191103,https://web.archive.org/web/20191103/nomadlist.com
20191104,https://web.archive.org/web/20191104/nomadlist.com
20191105,https://web.archive.org/web/20191105/nomadlist.com
20191106,https://web.archive.org/web/20191106/nomadlist.com
20191107,https://web.archive.org/web/20191107/nomadlist.com
20191108,https://web.archive.org/web/20191108/nomadlist.com
20191109,https://web.archive.org/web/20191109/nomadlist.com
20191110,https://web.archive.org/web/20191110/nomadlist.com
20191113,https://web.archive.org/web/20191113/nomadlist.com
20191120,https://web.archive.org/web/20191120/nomadlist.com
20191122,https://web.archive.org/web/20191122/nomadlist.com
20191123,https://web.archive.org/web/20191123/nomadlist.com
20191126,https://web.archive.org/web/20191126/nomadlist.com
20191127,https://web.archive.org/web/20191127/nomadlist.com
20191130,https://web.archive.org/web/20191130/nomadlist.com
20191202,https://web.archive.org/web/20191202/nomadlist.com
20191203,https://web.archive.org/web/20191203/nomadlist.com
20191204,https://web.archive.org/web/20191204/nomadlist.com
20191205,https://web.archive.org/web/20191205/nomadlist.com
20191206,https://web.archive.org/web/20191206/nomadlist.com
20191207,https://web.archive.org/web/20191207/nomadlist.com
20191208,https://web.archive.org/web/20191208/nomadlist.com
20191209,https://web.archive.org/web/20191209/nomadlist.com
20191210,https://web.archive.org/web/20191210/nomadlist.com
20191211,https://web.archive.org/web/20191211/nomadlist.com
20191212,https://web.archive.org/web/20191212/nomadlist.com
20191213,https://web.archive.org/web/20191213/nomadlist.com
20191214,https://web.archive.org/web/20191214/nomadlist.com
20191215,https://web.archive.org/web/20191215/nomadlist.com
20191216,https://web.archive.org/web/20191216/nomadlist.com
20191217,https://web.archive.org/web/20191217/nomadlist.com
20191218,https://web.archive.org/web/20191218/nomadlist.com
20191219,https://web.archive.org/web/20191219/nomadlist.com
20191220,https://web.archive.org/web/20191220/nomadlist.com
20191221,https://web.archive.org/web/20191221/nomadlist.com
20191222,https://web.archive.org/web/20191222/nomadlist.com
20191223,https://web.archive.org/web/20191223/nomadlist.com
20191224,https://web.archive.org/web/20191224/nomadlist.com
20191225,https://web.archive.org/web/20191225/nomadlist.com
20191226,https://web.archive.org/web/20191226/nomadlist.com
20191227,https://web.archive.org/web/20191227/nomadlist.com
20191228,https://web.archive.org/web/20191228/nomadlist.com
20191229,https://web.archive.org/web/20191229/nomadlist.com
20191230,https://web.archive.org/web/20191230/nomadlist.com
20191231,https://web.archive.org/web/20191231/nomadlist.com
20200101,https://web.archive.org/web/20200101/nomadlist.com
20200102,https://web.archive.org/web/20200102/nomadlist.com
20200103,https://web.archive.org/web/20200103/nomadlist.com
20200104,https://web.archive.org/web/20200104/nomadlist.com
20200106,https://web.archive.org/web/20200106/nomadlist.com
20200107,https://web.archive.org/web/20200107/nomadlist.com
20200108,https://web.archive.org/web/20200108/nomadlist.com
20200109,https://web.archive.org/web/20200109/nomadlist.com
20200110,https://web.archive.org/web/20200110/nomadlist.com
20200111,https://web.archive.org/web/20200111/nomadlist.com
20200112,https://web.archive.org/web/20200112/nomadlist.com
20200113,https://web.archive.org/web/20200113/nomadlist.com
20200114,https://web.archive.org/web/20200114/nomadlist.com
20200115,https://web.archive.org/web/20200115/nomadlist.com
20200203,https://web.archive.org/web/20200203/nomadlist.com
20200219,https://web.archive.org/web/20200219/nomadlist.com
20200314,https://web.archive.org/web/20200314/nomadlist.com
